﻿<?xml version="1.0" encoding="utf-8"?>
<deployment>
  <id>19a632c7-4928-44d0-ab5e-bf57ef30adfd</id>
  <author>N/A</author>
  <deployer>Push-Deployer</deployer>
  <authorEmail>N/A</authorEmail>
  <message>Created via a push deployment</message>
  <progress></progress>
  <status>Success</status>
  <statusText></statusText>
  <lastSuccessEndTime>2026-02-16T15:06:25.2092695Z</lastSuccessEndTime>
  <receivedTime>2026-02-16T15:02:44.0241396Z</receivedTime>
  <startTime>2026-02-16T15:02:45.6353043Z</startTime>
  <endTime>2026-02-16T15:06:25.2092695Z</endTime>
  <complete>True</complete>
  <is_temp>False</is_temp>
  <is_readonly>True</is_readonly>
  <containerId>4c0ff0efc8d3</containerId>
  <buildSummary>
    <warning>
      <message>Traceback (most recent call last):
  File "/tmp/8de6d6c71488138/manage.py", line 22, in &lt;module&gt;
    main()
  File "/tmp/8de6d6c71488138/manage.py", line 18, in main
    execute_from_command_line(sys.argv)
  File "/tmp/8de6d6c71488138/antenv/lib/python3.11/site-packages/django/core/management/__init__.py", line 442, in execute_from_command_line
    utility.execute()
  File "/tmp/8de6d6c71488138/antenv/lib/python3.11/site-packages/django/core/management/__init__.py", line 436, in execute
    self.fetch_command(subcommand).run_from_argv(self.argv)
  File "/tmp/8de6d6c71488138/antenv/lib/python3.11/site-packages/django/core/management/base.py", line 412, in run_from_argv
    self.execute(*args, **cmd_options)
  File "/tmp/8de6d6c71488138/antenv/lib/python3.11/site-packages/django/core/management/base.py", line 458, in execute
    output = self.handle(*args, **options)
             ^^^^^^^^^^^^^^^^^^^^^^^^^^^^^
  File "/tmp/8de6d6c71488138/antenv/lib/python3.11/site-packages/django/contrib/staticfiles/management/commands/collectstatic.py", line 209, in handle
    collected = self.collect()
                ^^^^^^^^^^^^^^
  File "/tmp/8de6d6c71488138/antenv/lib/python3.11/site-packages/django/contrib/staticfiles/management/commands/collectstatic.py", line 135, in collect
    handler(path, prefixed_path, storage)
  File "/tmp/8de6d6c71488138/antenv/lib/python3.11/site-packages/django/contrib/staticfiles/management/commands/collectstatic.py", line 368, in copy_file
    if not self.delete_file(path, prefixed_path, source_storage):
           ^^^^^^^^^^^^^^^^^^^^^^^^^^^^^^^^^^^^^^^^^^^^^^^^^^^^^
  File "/tmp/8de6d6c71488138/antenv/lib/python3.11/site-packages/django/contrib/staticfiles/management/commands/collectstatic.py", line 278, in delete_file
    if self.storage.exists(prefixed_path):
       ^^^^^^^^^^^^^^^^^^^^^^^^^^^^^^^^^^
  File "/tmp/8de6d6c71488138/antenv/lib/python3.11/site-packages/django/core/files/storage/filesystem.py", line 165, in exists
    return os.path.lexists(self.path(name))
                           ^^^^^^^^^^^^^^^
  File "/tmp/8de6d6c71488138/antenv/lib/python3.11/site-packages/django/contrib/staticfiles/storage.py", line 39, in path
    raise ImproperlyConfigured(
django.core.exceptions.ImproperlyConfigured: You're using the staticfiles app without having set the STATIC_ROOT setting to a filesystem path. </message>
      <timestamp>2026-02-16 15:05:45</timestamp>
      <exitCode>1</exitCode>
      <recommendation>Please review message</recommendation>
      <urlToGetMoreInformation>https://aka.ms/troubleshoot-python</urlToGetMoreInformation>
    </warning>
  </buildSummary>
</deployment>