﻿<?xml version="1.0" encoding="utf-8"?>
<deployment>
  <id>9df1e28f-f5fe-447e-bf2e-e708065c2ed5</id>
  <author>N/A</author>
  <deployer>Push-Deployer</deployer>
  <authorEmail>N/A</authorEmail>
  <message>Created via a push deployment</message>
  <progress></progress>
  <status>Success</status>
  <statusText></statusText>
  <lastSuccessEndTime>2026-02-16T14:52:30.5351534Z</lastSuccessEndTime>
  <receivedTime>2026-02-16T14:52:26.4147183Z</receivedTime>
  <startTime>2026-02-16T14:52:27.9646491Z</startTime>
  <endTime>2026-02-16T14:52:30.5351534Z</endTime>
  <complete>True</complete>
  <is_temp>False</is_temp>
  <is_readonly>True</is_readonly>
  <containerId>708e64255e47</containerId>
  <buildSummary />
</deployment>