<step title="Incoming Request" date="2026-02-16T16:28:21.893" instance="6112ee" url="/api/publish?type=zip&amp;async=True" method="POST" type="request" pid="768,1,32" Accept="*/*" Host="cpsu-health-backend.scm.azurewebsites.net" User-Agent="AZURECLI/2.83.0 (MSI)" Accept-Encoding="gzip, deflate" Authorization="Bea..." Cache-Control="no-cache" Content-Type="application/octet-stream" Cookie="ARRAffinity=6112ee766f20dedb21a683a179ca760b2a33a00f96b3c2626bbc09e4e42eace6; ARRAffinitySameSite=6112ee766f20dedb21a683a179ca760b2a33a00f96b3c2626bbc09e4e42eace6" Content-Length="182429" x-ms-client-request-id="79cc1320-0b54-11f1-86c2-aec0725ec45c" x-ms-artifact-checksum="4e2f1b92d2afc6e561d62df4f09852587458a93f5ecdbe49c0a7b5625f199d38" X-ARR-LOG-ID="79cc1320-0b54-11f1-86c2-aec0725ec45c" CLIENT-IP="103.107.81.10:64163" X-SITE-DEPLOYMENT-ID="cpsu-health-backend" WAS-DEFAULT-HOSTNAME="cpsu-health-backend.scm.azurewebsites.net" X-Forwarded-Proto="https" X-AppService-Proto="https" X-Forwarded-TlsVersion="1.3" X-WAWS-Unencoded-URL="/api/publish?type=zip&amp;async=True" X-Client-IP="103.107.81.10" X-Client-Port="64163" >
  <step title="OneDeploy" date="2026-02-16T16:28:21.942" >
    <step title="Starting PushDeployAsync" date="2026-02-16T16:28:21.959" /><!-- duration: 4ms -->
    <step title="Writing artifact to /tmp/zipdeploy/8514fb78-2e96-40c2-8840-039ec6f92754.zip" date="2026-02-16T16:28:21.992" >
      <step title="Writing multipart request body to /tmp/zipdeploy/8514fb78-2e96-40c2-8840-039ec6f92754.zip" date="2026-02-16T16:28:21.996" /><!-- duration: 12ms -->
    </step><!-- duration: 57ms -->
    <step title="Removing previous build artifact&apos;s manifest file" date="2026-02-16T16:28:22.055" >
      <step title="Start deployment in the background" date="2026-02-16T16:28:22.103" >
        <step title="Acquiring Deployment Lock" date="2026-02-16T16:28:22.125" /><!-- duration: 3ms -->
        <step title="Acquired Deployment Lock" date="2026-02-16T16:28:22.156" /><!-- duration: 3ms -->
      </step><!-- duration: 149ms -->
    </step><!-- duration: 204ms -->
    <step title="Outgoing response" date="2026-02-16T16:28:22.264" type="response" statusCode="202" statusText="Accepted" /><!-- duration: 4ms -->
  </step><!-- duration: 330ms -->
