<step title="Incoming Request" date="2026-02-16T14:26:06.335" instance="6112ee" url="/api/zipdeploy?isAsync=true" method="POST" type="request" pid="767,1,5" Accept="*/*" Host="cpsu-health-backend.scm.azurewebsites.net" User-Agent="AZURECLI/2.83.0 (MSI)" Accept-Encoding="gzip, deflate" Authorization="Bea..." Cache-Control="no-cache" Content-Type="application/octet-stream" Content-Length="453525" x-ms-client-request-id="5bf87712-0b43-11f1-8161-aec0725ec45c" x-ms-artifact-checksum="2b95026b4707a18397bbaa64ebbcf017b5f89e205b30e4c8fe38d54b05e949f6" X-ARR-LOG-ID="5bf87712-0b43-11f1-8161-aec0725ec45c" CLIENT-IP="103.107.81.10:54334" X-SITE-DEPLOYMENT-ID="cpsu-health-backend" WAS-DEFAULT-HOSTNAME="cpsu-health-backend.scm.azurewebsites.net" X-Forwarded-Proto="https" X-AppService-Proto="https" X-Forwarded-TlsVersion="1.3" X-WAWS-Unencoded-URL="/api/zipdeploy?isAsync=true" X-Client-IP="103.107.81.10" X-Client-Port="54334" >
  <step title="ZipPushDeploy" date="2026-02-16T14:26:10.858" >
    <step title="ZipDeploy. Extract zip. Remote build." date="2026-02-16T14:26:10.900" /><!-- duration: 29ms -->
    <step title="None repository commit" date="2026-02-16T14:26:11.019" >
      <step title="Commit id: 02808d6b-9324-42a9-84be-54057646d348" date="2026-02-16T14:26:11.040" Message="N/A" AuthorName="N/A" AuthorEmail="N/A" /><!-- duration: 20ms -->
    </step><!-- duration: 60ms -->
    <step title="Starting PushDeployAsync" date="2026-02-16T14:26:11.091" /><!-- duration: 19ms -->
    <step title="Writing artifact to /tmp/zipdeploy/73145598-9975-447e-bbd8-783738aaf27e.zip" date="2026-02-16T14:26:11.221" >
      <step title="Writing multipart request body to /tmp/zipdeploy/73145598-9975-447e-bbd8-783738aaf27e.zip" date="2026-02-16T14:26:11.251" /><!-- duration: 31ms -->
    </step><!-- duration: 302ms -->
    <step title="Start deployment in the background" date="2026-02-16T14:26:11.592" >
      <step title="Acquiring Deployment Lock" date="2026-02-16T14:26:11.785" /><!-- duration: 18ms -->
      <step title="Acquired Deployment Lock" date="2026-02-16T14:26:12.054" /><!-- duration: 30ms -->
    </step><!-- duration: 907ms -->
  </step><!-- duration: 1681ms -->
  <step title="Outgoing response" date="2026-02-16T14:26:12.609" type="response" statusCode="202" statusText="Accepted" /><!-- duration: 28ms -->
</step><!-- duration: 6315ms -->
