<step title="BackgroundTrace" date="2026-02-16T15:44:52.799" instance="6112ee" url="/api/zipdeploy" method="POST" >
  <step title="Creating temporary deployment - FetchDeploymentManager" date="2026-02-16T15:44:52.896" /><!-- duration: 4ms -->
  <step title="Creating temporary deployment" date="2026-02-16T15:44:52.906" /><!-- duration: 89ms -->
  <step title="Performing fetch based deployment" date="2026-02-16T15:44:53.063" >
    <step title="Cleaning up temp folders from previous zip deployments and extracting pushed zip file /tmp/zipdeploy/b1e509d6-84d5-477b-8548-387acc5b8973.zip (0.44 MB) to /tmp/zipdeploy/extracted" date="2026-02-16T15:44:54.266" >
      <step title="ChmodRecursive Process exited with total time taken in ms: 61" date="2026-02-16T15:44:54.639" /><!-- duration: 28ms -->
    </step><!-- duration: 412ms -->
    <step title="Deployment timer started" date="2026-02-16T15:44:56.696" >
      <step title="DeploymentManager.Deploy(id:68bd7533-0d85-4022-a71f-b93c5f01e8dd)" date="2026-02-16T15:44:56.708" >
        <step title="Collecting changeset information" date="2026-02-16T15:44:56.740" /><!-- duration: 106ms -->
        <step title="Updating submodules" date="2026-02-16T15:44:56.853" /><!-- duration: 1195ms -->
        <step title="Determining deployment builder" date="2026-02-16T15:44:58.607" >
          <step title="Builder is OryxBuilder" date="2026-02-16T15:44:58.629" /><!-- duration: 4ms -->
        </step><!-- duration: 35ms -->
        <step title="PreDeployment: context.CleanOutputPath False" date="2026-02-16T15:44:58.701" >
          <step title="PreDeployment: context.OutputPath /home/site/wwwroot" date="2026-02-16T15:44:58.873" >
            <step title="Building" date="2026-02-16T15:44:59.055" >
              <step title="Executing external process" date="2026-02-16T15:44:59.454" type="process" path="bash" arguments="-c &quot;oryx build /tmp/zipdeploy/extracted -o /home/site/wwwroot --platform python --platform-version 3.11 -p virtualenv_name=antenv --log-file /tmp/build-debug.log  -i /tmp/8de6d7256ffb75f --compress-destination-dir | tee /tmp/oryx-build.log ; exit $PIPESTATUS &quot;" >
                <step title="Cpu: python3(988,24.920s)+uv(918,12.690s)+ts(919,0.090s)+build.sh(917,0.000s)+build.sh(916,0.000s)+build.sh(814,0.110s)+oryx(795,5.170s)+tee(796,0.000s)+bash(794,0.000s)=total(42.950s)" date="2026-02-16T15:46:52.655" /><!-- duration: 28ms -->
                <step title="bash: no io activity for 60s, prev-cpu=-1.000s, current-cpu=42.950s" date="2026-02-16T15:46:52.783" /><!-- duration: 21ms -->
              </step><!-- duration: 209370ms -->
              <step title="Using PythonDeploymentLogParser" date="2026-02-16T15:48:29.370" /><!-- duration: 11ms -->
              <step title="Triggering recycle (preview mode disabled)." date="2026-02-16T15:48:31.417" /><!-- duration: 12ms -->
              <step title="Modified file to trigger a restart of the app container." date="2026-02-16T15:48:31.464" /><!-- duration: 3ms -->
              <step title="Skip function trigger and logicapp sync because function is not enabled." date="2026-02-16T15:48:31.485" /><!-- duration: 11ms -->
            </step><!-- duration: 213955ms -->
          </step><!-- duration: 214144ms -->
          <step title="Cleaning up temp files" date="2026-02-16T15:48:33.020" /><!-- duration: 6481ms -->
          <step title="Cleaning up temp files" date="2026-02-16T15:48:39.509" /><!-- duration: 516ms -->
          <step title="Reloading status file with latest updates" date="2026-02-16T15:48:40.058" >
            <step title="WebHooksManager.PublishEventAsync: PostDeployment" date="2026-02-16T15:48:40.063" /><!-- duration: 116ms -->
          </step><!-- duration: 124ms -->
          <step title="Cleaning up temporary deployment - fetch deployment was successful" date="2026-02-16T15:48:40.192" /><!-- duration: 4ms -->
        </step><!-- duration: 221557ms -->
      </step><!-- duration: 223568ms -->
