<step title="Incoming Request" date="2026-02-16T15:02:38.714" instance="6112ee" url="/api/zipdeploy?isAsync=true" method="POST" type="request" pid="772,1,16" Accept="*/*" Host="cpsu-health-backend.scm.azurewebsites.net" User-Agent="AZURECLI/2.83.0 (MSI)" Accept-Encoding="gzip, deflate" Authorization="Bea..." Cache-Control="no-cache" Content-Type="application/octet-stream" Content-Length="453953" x-ms-client-request-id="7d21f7a8-0b48-11f1-aec5-aec0725ec45c" x-ms-artifact-checksum="3e0638c1f27f9d221ea86d9b37f50f7ec3bc7485bf20303e51cecf38c21356c3" X-ARR-LOG-ID="7d21f7a8-0b48-11f1-aec5-aec0725ec45c" CLIENT-IP="103.107.81.10:57471" X-SITE-DEPLOYMENT-ID="cpsu-health-backend" WAS-DEFAULT-HOSTNAME="cpsu-health-backend.scm.azurewebsites.net" X-Forwarded-Proto="https" X-AppService-Proto="https" X-Forwarded-TlsVersion="1.3" X-WAWS-Unencoded-URL="/api/zipdeploy?isAsync=true" X-Client-IP="103.107.81.10" X-Client-Port="57471" >
  <step title="Cleanup Xml Logs" date="2026-02-16T15:02:38.725" /><!-- duration: 21ms -->
  <step title="ZipPushDeploy" date="2026-02-16T15:02:39.811" >
    <step title="ZipDeploy. Extract zip. Remote build." date="2026-02-16T15:02:39.824" /><!-- duration: 4ms -->
    <step title="None repository commit" date="2026-02-16T15:02:39.837" >
      <step title="Commit id: 19a632c7-4928-44d0-ab5e-bf57ef30adfd" date="2026-02-16T15:02:39.841" Message="N/A" AuthorName="N/A" AuthorEmail="N/A" /><!-- duration: 4ms -->
    </step><!-- duration: 12ms -->
    <step title="Starting PushDeployAsync" date="2026-02-16T15:02:39.853" /><!-- duration: 4ms -->
    <step title="Writing artifact to /tmp/zipdeploy/ad440f24-094b-4f74-83a5-f709ca772263.zip" date="2026-02-16T15:02:39.895" >
      <step title="Writing multipart request body to /tmp/zipdeploy/ad440f24-094b-4f74-83a5-f709ca772263.zip" date="2026-02-16T15:02:39.900" /><!-- duration: 12ms -->
    </step><!-- duration: 88ms -->
    <step title="Start deployment in the background" date="2026-02-16T15:02:40.005" >
      <step title="Acquiring Deployment Lock" date="2026-02-16T15:02:40.032" /><!-- duration: 10ms -->
      <step title="Acquired Deployment Lock" date="2026-02-16T15:02:40.182" /><!-- duration: 4ms -->
    </step><!-- duration: 320ms -->
  </step><!-- duration: 524ms -->
  <step title="Outgoing response" date="2026-02-16T15:02:40.356" type="response" statusCode="202" statusText="Accepted" /><!-- duration: 5ms -->
</step><!-- duration: 1653ms -->
