<step title="Incoming Request" date="2026-02-16T15:30:43.867" instance="6112ee" url="/api/zipdeploy?isAsync=true" method="POST" type="request" pid="768,1,7" Accept="*/*" Host="cpsu-health-backend.scm.azurewebsites.net" User-Agent="AZURECLI/2.83.0 (MSI)" Accept-Encoding="gzip, deflate" Authorization="Bea..." Cache-Control="no-cache" Content-Type="application/octet-stream" Content-Length="454060" x-ms-client-request-id="69b723a2-0b4c-11f1-a0cf-aec0725ec45c" x-ms-artifact-checksum="38195f81877d9ed7a855576f5a57412cc497ce7eb23d101790c95cd5977fae60" X-ARR-LOG-ID="69b723a2-0b4c-11f1-a0cf-aec0725ec45c" CLIENT-IP="103.107.81.10:63872" X-SITE-DEPLOYMENT-ID="cpsu-health-backend" WAS-DEFAULT-HOSTNAME="cpsu-health-backend.scm.azurewebsites.net" X-Forwarded-Proto="https" X-AppService-Proto="https" X-Forwarded-TlsVersion="1.3" X-WAWS-Unencoded-URL="/api/zipdeploy?isAsync=true" X-Client-IP="103.107.81.10" X-Client-Port="63872" >
  <step title="ZipPushDeploy" date="2026-02-16T15:30:44.600" >
    <step title="ZipDeploy. Extract zip. Remote build." date="2026-02-16T15:30:44.610" /><!-- duration: 5ms -->
    <step title="None repository commit" date="2026-02-16T15:30:44.623" >
      <step title="Commit id: a2cec97a-d49e-46e1-88cf-7b9675575a5f" date="2026-02-16T15:30:44.627" Message="N/A" AuthorName="N/A" AuthorEmail="N/A" /><!-- duration: 7ms -->
    </step><!-- duration: 14ms -->
    <step title="Starting PushDeployAsync" date="2026-02-16T15:30:44.641" /><!-- duration: 3ms -->
    <step title="Writing artifact to /tmp/zipdeploy/b0a4714f-c143-49bd-b051-fc7395d4a5e6.zip" date="2026-02-16T15:30:44.664" >
      <step title="Writing multipart request body to /tmp/zipdeploy/b0a4714f-c143-49bd-b051-fc7395d4a5e6.zip" date="2026-02-16T15:30:44.670" /><!-- duration: 12ms -->
    </step><!-- duration: 109ms -->
    <step title="Removing previous build artifact&apos;s manifest file" date="2026-02-16T15:30:44.817" >
      <step title="Start deployment in the background" date="2026-02-16T15:30:44.836" >
        <step title="Acquiring Deployment Lock" date="2026-02-16T15:30:44.867" /><!-- duration: 10ms -->
        <step title="Acquired Deployment Lock" date="2026-02-16T15:30:45.086" /><!-- duration: 6ms -->
      </step><!-- duration: 380ms -->
    </step><!-- duration: 404ms -->
    <step title="Outgoing response" date="2026-02-16T15:30:45.252" type="response" statusCode="202" statusText="Accepted" /><!-- duration: 18ms -->
  </step><!-- duration: 674ms -->
