<step title="BackgroundTrace" date="2026-02-16T16:40:29.699" instance="6112ee" url="/api/zipdeploy" method="POST" >
  <step title="Creating temporary deployment - FetchDeploymentManager" date="2026-02-16T16:40:29.759" /><!-- duration: 2ms -->
  <step title="Creating temporary deployment" date="2026-02-16T16:40:29.766" /><!-- duration: 50ms -->
  <step title="Performing fetch based deployment" date="2026-02-16T16:40:29.841" >
    <step title="Cleaning up temp folders from previous zip deployments and extracting pushed zip file /tmp/zipdeploy/6673fd75-6fe5-4f9b-a935-0bd7c84dec06.zip (0.17 MB) to /tmp/zipdeploy/extracted" date="2026-02-16T16:40:31.053" >
      <step title="ChmodRecursive Process exited with total time taken in ms: 99" date="2026-02-16T16:40:31.257" /><!-- duration: 12ms -->
    </step><!-- duration: 222ms -->
    <step title="Deployment timer started" date="2026-02-16T16:40:33.297" >
      <step title="DeploymentManager.Deploy(id:1b0c9255-47fb-4bce-a45c-fafddae063e0)" date="2026-02-16T16:40:33.327" >
        <step title="Collecting changeset information" date="2026-02-16T16:40:33.398" /><!-- duration: 162ms -->
        <step title="Updating submodules" date="2026-02-16T16:40:33.566" /><!-- duration: 1172ms -->
        <step title="Determining deployment builder" date="2026-02-16T16:40:35.041" >
          <step title="Builder is OryxBuilder" date="2026-02-16T16:40:35.081" /><!-- duration: 19ms -->
        </step><!-- duration: 63ms -->
        <step title="PreDeployment: context.CleanOutputPath False" date="2026-02-16T16:40:35.165" >
          <step title="PreDeployment: context.OutputPath /home/site/wwwroot" date="2026-02-16T16:40:35.332" >
            <step title="Building" date="2026-02-16T16:40:35.521" >
              <step title="Executing external process" date="2026-02-16T16:40:35.840" type="process" path="bash" arguments="-c &quot;oryx build /tmp/zipdeploy/extracted -o /home/site/wwwroot --platform python --platform-version 3.11 -p virtualenv_name=antenv --log-file /tmp/build-debug.log  -i /tmp/8de6d7a1baf6736 --compress-destination-dir | tee /tmp/oryx-build.log ; exit $PIPESTATUS &quot;" >
                <step title="Cpu: python3(2134,39.150s)+uv(2096,4.000s)+ts(2097,0.100s)+build.sh(2095,0.000s)+build.sh(2094,0.000s)+build.sh(2006,0.030s)+oryx(1989,3.420s)+tee(1990,0.000s)+bash(1988,0.000s)=total(46.700s)" date="2026-02-16T16:42:03.653" /><!-- duration: 29ms -->
                <step title="bash: no io activity for 60s, prev-cpu=-1.000s, current-cpu=46.700s" date="2026-02-16T16:42:03.842" /><!-- duration: 12ms -->
                <step title="Cpu: zstd(2184,15.340s)+sh(2183,0.000s)+tar(2182,9.110s)+build.sh(2181,0.000s)+build.sh(2180,0.000s)+build.sh(2006,0.040s)+oryx(1989,4.130s)+tee(1990,0.000s)+bash(1988,0.000s)=total(28.610s)" date="2026-02-16T16:43:44.016" /><!-- duration: 10ms -->
                <step title="bash: no io activity for 60s, prev-cpu=-1.000s, current-cpu=28.610s" date="2026-02-16T16:43:44.056" /><!-- duration: 40ms -->
              </step><!-- duration: 190219ms -->
              <step title="Using PythonDeploymentLogParser" date="2026-02-16T16:43:46.730" /><!-- duration: 9ms -->
              <step title="Triggering recycle (preview mode disabled)." date="2026-02-16T16:43:48.819" /><!-- duration: 15ms -->
              <step title="Modified file to trigger a restart of the app container." date="2026-02-16T16:43:48.883" /><!-- duration: 4ms -->
              <step title="Skip function trigger and logicapp sync because function is not enabled." date="2026-02-16T16:43:48.891" /><!-- duration: 14ms -->
            </step><!-- duration: 194730ms -->
          </step><!-- duration: 194925ms -->
          <step title="Cleaning up temp files" date="2026-02-16T16:43:50.260" /><!-- duration: 4566ms -->
          <step title="Cleaning up temp files" date="2026-02-16T16:43:54.830" /><!-- duration: 512ms -->
          <step title="Reloading status file with latest updates" date="2026-02-16T16:43:55.642" >
            <step title="WebHooksManager.PublishEventAsync: PostDeployment" date="2026-02-16T16:43:55.672" /><!-- duration: 140ms -->
          </step><!-- duration: 202ms -->
          <step title="Cleaning up temporary deployment - fetch deployment was successful" date="2026-02-16T16:43:55.934" /><!-- duration: 99ms -->
        </step><!-- duration: 201112ms -->
      </step><!-- duration: 203070ms -->
