<step title="BackgroundTrace" date="2026-02-16T15:02:40.009" instance="6112ee" url="/api/zipdeploy" method="POST" >
  <step title="Creating temporary deployment - FetchDeploymentManager" date="2026-02-16T15:02:40.189" /><!-- duration: 3ms -->
  <step title="Creating temporary deployment" date="2026-02-16T15:02:40.198" /><!-- duration: 123ms -->
  <step title="Performing fetch based deployment" date="2026-02-16T15:02:40.396" >
    <step title="Cleaning up temp folders from previous zip deployments and extracting pushed zip file /tmp/zipdeploy/ad440f24-094b-4f74-83a5-f709ca772263.zip (0.43 MB) to /tmp/zipdeploy/extracted" date="2026-02-16T15:02:41.613" >
      <step title="ChmodRecursive Process exited with total time taken in ms: 118" date="2026-02-16T15:02:41.900" /><!-- duration: 5ms -->
    </step><!-- duration: 304ms -->
    <step title="Deployment timer started" date="2026-02-16T15:02:43.940" >
      <step title="DeploymentManager.Deploy(id:19a632c7-4928-44d0-ab5e-bf57ef30adfd)" date="2026-02-16T15:02:43.949" >
        <step title="Collecting changeset information" date="2026-02-16T15:02:43.990" /><!-- duration: 98ms -->
        <step title="Updating submodules" date="2026-02-16T15:02:44.094" /><!-- duration: 1314ms -->
        <step title="Determining deployment builder" date="2026-02-16T15:02:45.726" >
          <step title="Builder is OryxBuilder" date="2026-02-16T15:02:45.753" /><!-- duration: 4ms -->
        </step><!-- duration: 35ms -->
        <step title="PreDeployment: context.CleanOutputPath False" date="2026-02-16T15:02:45.816" >
          <step title="PreDeployment: context.OutputPath /home/site/wwwroot" date="2026-02-16T15:02:45.947" >
            <step title="Building" date="2026-02-16T15:02:46.138" >
              <step title="Executing external process" date="2026-02-16T15:02:46.540" type="process" path="bash" arguments="-c &quot;oryx build /tmp/zipdeploy/extracted -o /home/site/wwwroot --platform python --platform-version 3.11 -p virtualenv_name=antenv --log-file /tmp/build-debug.log  -i /tmp/8de6d6c71488138 --compress-destination-dir | tee /tmp/oryx-build.log ; exit $PIPESTATUS &quot;" >
                <step title="Cpu: python3(1032,27.560s)+uv(970,12.930s)+ts(971,0.090s)+build.sh(969,0.000s)+build.sh(968,0.000s)+build.sh(867,0.050s)+oryx(839,5.560s)+tee(840,0.000s)+bash(838,0.000s)=total(46.180s)" date="2026-02-16T15:05:00.535" /><!-- duration: 30ms -->
                <step title="bash: no io activity for 60s, prev-cpu=-1.000s, current-cpu=46.180s" date="2026-02-16T15:05:00.606" /><!-- duration: 20ms -->
              </step><!-- duration: 215211ms -->
              <step title="Using PythonDeploymentLogParser" date="2026-02-16T15:06:22.566" /><!-- duration: 12ms -->
              <step title="Triggering recycle (preview mode disabled)." date="2026-02-16T15:06:24.710" /><!-- duration: 8ms -->
              <step title="Modified file to trigger a restart of the app container." date="2026-02-16T15:06:24.774" /><!-- duration: 4ms -->
              <step title="Skip function trigger and logicapp sync because function is not enabled." date="2026-02-16T15:06:24.798" /><!-- duration: 20ms -->
            </step><!-- duration: 219571ms -->
          </step><!-- duration: 219767ms -->
          <step title="Cleaning up temp files" date="2026-02-16T15:06:25.717" /><!-- duration: 5268ms -->
          <step title="Cleaning up temp files" date="2026-02-16T15:06:30.993" /><!-- duration: 537ms -->
          <step title="Reloading status file with latest updates" date="2026-02-16T15:06:31.612" >
            <step title="WebHooksManager.PublishEventAsync: PostDeployment" date="2026-02-16T15:06:31.617" /><!-- duration: 109ms -->
          </step><!-- duration: 118ms -->
          <step title="Cleaning up temporary deployment - fetch deployment was successful" date="2026-02-16T15:06:31.738" /><!-- duration: 4ms -->
        </step><!-- duration: 225982ms -->
      </step><!-- duration: 227868ms -->
