<step title="Incoming Request" date="2026-02-16T14:21:12.659" instance="6112ee" url="/api/zipdeploy?isAsync=true" method="POST" type="request" pid="770,1,7" Accept="*/*" Host="cpsu-health-backend.scm.azurewebsites.net" User-Agent="AZURECLI/2.83.0 (MSI)" Accept-Encoding="gzip, deflate" Authorization="Bea..." Cache-Control="no-cache" Content-Type="application/octet-stream" Content-Length="453525" x-ms-client-request-id="8f1d61ad-0b42-11f1-90f3-aec0725ec45c" x-ms-artifact-checksum="2b95026b4707a18397bbaa64ebbcf017b5f89e205b30e4c8fe38d54b05e949f6" X-ARR-LOG-ID="8f1d61ad-0b42-11f1-90f3-aec0725ec45c" CLIENT-IP="103.107.81.10:54757" X-SITE-DEPLOYMENT-ID="cpsu-health-backend" WAS-DEFAULT-HOSTNAME="cpsu-health-backend.scm.azurewebsites.net" X-Forwarded-Proto="https" X-AppService-Proto="https" X-Forwarded-TlsVersion="1.3" X-WAWS-Unencoded-URL="/api/zipdeploy?isAsync=true" X-Client-IP="103.107.81.10" X-Client-Port="54757" >
  <step title="ZipPushDeploy" date="2026-02-16T14:21:13.235" >
    <step title="ZipDeploy. Extract zip. Remote build." date="2026-02-16T14:21:13.257" /><!-- duration: 4ms -->
    <step title="None repository commit" date="2026-02-16T14:21:13.269" >
      <step title="Commit id: a871137f-6df8-4b48-847d-173515e33d0f" date="2026-02-16T14:21:13.273" Message="N/A" AuthorName="N/A" AuthorEmail="N/A" /><!-- duration: 4ms -->
    </step><!-- duration: 11ms -->
    <step title="Starting PushDeployAsync" date="2026-02-16T14:21:13.284" /><!-- duration: 9ms -->
    <step title="Writing artifact to /tmp/zipdeploy/aefdb64d-92e4-48aa-9bdf-c1fac9360bd5.zip" date="2026-02-16T14:21:13.356" >
      <step title="Writing multipart request body to /tmp/zipdeploy/aefdb64d-92e4-48aa-9bdf-c1fac9360bd5.zip" date="2026-02-16T14:21:13.360" /><!-- duration: 13ms -->
    </step><!-- duration: 139ms -->
    <step title="Start deployment in the background" date="2026-02-16T14:21:13.512" >
      <step title="Acquiring Deployment Lock" date="2026-02-16T14:21:13.549" /><!-- duration: 5ms -->
      <step title="Acquired Deployment Lock" date="2026-02-16T14:21:13.657" /><!-- duration: 8ms -->
    </step><!-- duration: 307ms -->
  </step><!-- duration: 590ms -->
  <step title="Outgoing response" date="2026-02-16T14:21:13.842" type="response" statusCode="202" statusText="Accepted" /><!-- duration: 8ms -->
</step><!-- duration: 1195ms -->
