<step title="Incoming Request" date="2026-02-16T14:52:21.446" instance="6112ee" url="/api/zipdeploy?isAsync=true" method="POST" type="request" pid="768,1,17" Accept="*/*" Host="cpsu-health-backend.scm.azurewebsites.net" User-Agent="AZURECLI/2.83.0 (MSI)" Accept-Encoding="gzip, deflate" Authorization="Bea..." Cache-Control="no-cache" Content-Type="application/octet-stream" Content-Length="453943" x-ms-client-request-id="08fe3b05-0b47-11f1-85cf-aec0725ec45c" x-ms-artifact-checksum="b606e5af2a756c9b1a28146522f6f15d05fb88f499a89b81a4306f67fb87f8ca" X-ARR-LOG-ID="08fe3b05-0b47-11f1-85cf-aec0725ec45c" CLIENT-IP="103.107.81.10:52469" X-SITE-DEPLOYMENT-ID="cpsu-health-backend" WAS-DEFAULT-HOSTNAME="cpsu-health-backend.scm.azurewebsites.net" X-Forwarded-Proto="https" X-AppService-Proto="https" X-Forwarded-TlsVersion="1.3" X-WAWS-Unencoded-URL="/api/zipdeploy?isAsync=true" X-Client-IP="103.107.81.10" X-Client-Port="52469" >
  <step title="Cleanup Xml Logs" date="2026-02-16T14:52:21.450" /><!-- duration: 8ms -->
  <step title="ZipPushDeploy" date="2026-02-16T14:52:22.052" >
    <step title="ZipDeploy. Extract zip. Remote build." date="2026-02-16T14:52:22.063" /><!-- duration: 4ms -->
    <step title="None repository commit" date="2026-02-16T14:52:22.074" >
      <step title="Commit id: 9df1e28f-f5fe-447e-bf2e-e708065c2ed5" date="2026-02-16T14:52:22.079" Message="N/A" AuthorName="N/A" AuthorEmail="N/A" /><!-- duration: 4ms -->
    </step><!-- duration: 12ms -->
    <step title="Starting PushDeployAsync" date="2026-02-16T14:52:22.116" /><!-- duration: 4ms -->
    <step title="Writing artifact to /tmp/zipdeploy/fe5095ea-1cac-4ecc-9cc1-2c9134a7c426.zip" date="2026-02-16T14:52:22.150" >
      <step title="Writing multipart request body to /tmp/zipdeploy/fe5095ea-1cac-4ecc-9cc1-2c9134a7c426.zip" date="2026-02-16T14:52:22.155" /><!-- duration: 19ms -->
    </step><!-- duration: 117ms -->
    <step title="Start deployment in the background" date="2026-02-16T14:52:22.327" >
      <step title="Acquiring Deployment Lock" date="2026-02-16T14:52:22.347" /><!-- duration: 12ms -->
      <step title="Acquired Deployment Lock" date="2026-02-16T14:52:22.518" /><!-- duration: 6ms -->
    </step><!-- duration: 352ms -->
  </step><!-- duration: 634ms -->
  <step title="Outgoing response" date="2026-02-16T14:52:22.704" type="response" statusCode="202" statusText="Accepted" /><!-- duration: 4ms -->
</step><!-- duration: 1270ms -->
