<step title="Incoming Request" date="2026-02-16T16:48:57.192" instance="6112ee" url="/api/publish?type=zip&amp;async=True" method="POST" type="request" pid="768,1,17" Accept="*/*" Host="cpsu-health-backend.scm.azurewebsites.net" User-Agent="AZURECLI/2.83.0 (MSI)" Accept-Encoding="gzip, deflate" Authorization="Bas..." Cache-Control="no-cache" Content-Type="application/octet-stream" Cookie="ARRAffinity=6112ee766f20dedb21a683a179ca760b2a33a00f96b3c2626bbc09e4e42eace6; ARRAffinitySameSite=6112ee766f20dedb21a683a179ca760b2a33a00f96b3c2626bbc09e4e42eace6" Content-Length="182632" x-ms-client-request-id="56921517-0b57-11f1-9328-aec0725ec45c" x-ms-artifact-checksum="945060a80bbe815c2fb46c9614c195c5335c562e0ce13bf99228064316703c79" X-ARR-LOG-ID="56921517-0b57-11f1-9328-aec0725ec45c" CLIENT-IP="103.107.81.10:56690" X-SITE-DEPLOYMENT-ID="cpsu-health-backend" WAS-DEFAULT-HOSTNAME="cpsu-health-backend.scm.azurewebsites.net" X-Forwarded-Proto="https" X-AppService-Proto="https" X-Forwarded-TlsVersion="1.3" X-WAWS-Unencoded-URL="/api/publish?type=zip&amp;async=True" X-Client-IP="103.107.81.10" X-Client-Port="56690" >
  <step title="Cleanup Xml Logs" date="2026-02-16T16:48:57.202" /><!-- duration: 50ms -->
  <step title="OneDeploy" date="2026-02-16T16:48:57.594" >
    <step title="Starting PushDeployAsync" date="2026-02-16T16:48:57.633" /><!-- duration: 11ms -->
    <step title="Writing artifact to /tmp/zipdeploy/b6e35b46-d21d-4f63-a88e-03f514a0a2c8.zip" date="2026-02-16T16:48:57.714" >
      <step title="Writing multipart request body to /tmp/zipdeploy/b6e35b46-d21d-4f63-a88e-03f514a0a2c8.zip" date="2026-02-16T16:48:57.725" /><!-- duration: 22ms -->
    </step><!-- duration: 123ms -->
    <step title="Start deployment in the background" date="2026-02-16T16:48:57.884" >
      <step title="Acquiring Deployment Lock" date="2026-02-16T16:48:57.916" /><!-- duration: 20ms -->
      <step title="Cannot Acquire Deployment Lock already held" date="2026-02-16T16:48:57.957" /><!-- duration: 10ms -->
    </step><!-- duration: 315ms -->
    <step title="There is a deployment currently in progress. Please try again when it completes." date="2026-02-16T16:48:58.248" /><!-- duration: 21ms -->
  </step><!-- duration: 725ms -->
  <step title="Outgoing response" date="2026-02-16T16:48:58.340" type="response" statusCode="409" statusText="Conflict" /><!-- duration: 18ms -->
</step><!-- duration: 1188ms -->
