<step title="BackgroundTrace" date="2026-02-16T15:19:41.217" instance="6112ee" url="/api/zipdeploy" method="POST" >
  <step title="Creating temporary deployment - FetchDeploymentManager" date="2026-02-16T15:19:41.355" /><!-- duration: 3ms -->
  <step title="Creating temporary deployment" date="2026-02-16T15:19:41.363" /><!-- duration: 110ms -->
  <step title="Performing fetch based deployment" date="2026-02-16T15:19:41.572" >
    <step title="Cleaning up temp folders from previous zip deployments and extracting pushed zip file /tmp/zipdeploy/6ca92b87-f7a1-4135-a466-d641740d4991.zip (0.43 MB) to /tmp/zipdeploy/extracted" date="2026-02-16T15:19:42.786" >
      <step title="ChmodRecursive Process exited with total time taken in ms: 70" date="2026-02-16T15:19:43.059" /><!-- duration: 4ms -->
    </step><!-- duration: 282ms -->
    <step title="Deployment timer started" date="2026-02-16T15:19:45.111" >
      <step title="DeploymentManager.Deploy(id:c270a09b-73e9-4421-80cc-d96fad48447c)" date="2026-02-16T15:19:45.134" >
        <step title="Collecting changeset information" date="2026-02-16T15:19:45.193" /><!-- duration: 158ms -->
        <step title="Updating submodules" date="2026-02-16T15:19:45.372" /><!-- duration: 1256ms -->
        <step title="Determining deployment builder" date="2026-02-16T15:19:47.020" >
          <step title="Builder is OryxBuilder" date="2026-02-16T15:19:47.067" /><!-- duration: 13ms -->
        </step><!-- duration: 77ms -->
        <step title="PreDeployment: context.CleanOutputPath False" date="2026-02-16T15:19:47.168" >
          <step title="PreDeployment: context.OutputPath /home/site/wwwroot" date="2026-02-16T15:19:47.863" >
            <step title="Building" date="2026-02-16T15:19:48.134" >
              <step title="Executing external process" date="2026-02-16T15:19:48.556" type="process" path="bash" arguments="-c &quot;oryx build /tmp/zipdeploy/extracted -o /home/site/wwwroot --platform python --platform-version 3.11 -p virtualenv_name=antenv --log-file /tmp/build-debug.log  -i /tmp/8de6d6ed20eb272 --compress-destination-dir | tee /tmp/oryx-build.log ; exit $PIPESTATUS &quot;" >
                <step title="Cpu: python3(985,34.590s)+uv(923,12.360s)+ts(924,0.110s)+build.sh(922,0.000s)+build.sh(921,0.000s)+build.sh(821,0.050s)+oryx(800,5.740s)+tee(801,0.000s)+bash(799,0.000s)=total(52.840s)" date="2026-02-16T15:21:43.325" /><!-- duration: 28ms -->
                <step title="bash: no io activity for 61s, prev-cpu=-1.000s, current-cpu=52.840s" date="2026-02-16T15:21:43.435" /><!-- duration: 40ms -->
              </step><!-- duration: 196708ms -->
              <step title="Using PythonDeploymentLogParser" date="2026-02-16T15:23:05.767" /><!-- duration: 4ms -->
              <step title="Triggering recycle (preview mode disabled)." date="2026-02-16T15:23:07.824" /><!-- duration: 8ms -->
              <step title="Modified file to trigger a restart of the app container." date="2026-02-16T15:23:07.881" /><!-- duration: 4ms -->
              <step title="Skip function trigger and logicapp sync because function is not enabled." date="2026-02-16T15:23:07.898" /><!-- duration: 13ms -->
            </step><!-- duration: 200788ms -->
          </step><!-- duration: 201068ms -->
          <step title="Cleaning up temp files" date="2026-02-16T15:23:08.934" /><!-- duration: 11497ms -->
          <step title="Cleaning up temp files" date="2026-02-16T15:23:20.461" /><!-- duration: 521ms -->
          <step title="Reloading status file with latest updates" date="2026-02-16T15:23:21.073" >
            <step title="WebHooksManager.PublishEventAsync: PostDeployment" date="2026-02-16T15:23:21.094" /><!-- duration: 278ms -->
          </step><!-- duration: 319ms -->
          <step title="Cleaning up temporary deployment - fetch deployment was successful" date="2026-02-16T15:23:21.412" /><!-- duration: 10ms -->
        </step><!-- duration: 214365ms -->
      </step><!-- duration: 216491ms -->
